tau_c,tau_g,h_t_plus_1,h_t_plus_1_only_c,h_t_plus_1_only_g
0.05,0.05,0.5426314217330294,0.4627753970400072,0.41581454252441713
0.05,0.06315789473684211,0.5596404405527576,0.4627753970400072,0.4460021644222425
0.05,0.07631578947368421,0.5755220228213636,0.4627753970400072,0.47205542515359666
0.05,0.08947368421052632,0.5904420949779626,0.4627753970400072,0.4951277515714238
0.05,0.10263157894736842,0.6045308649396891,0.4627753970400072,0.5159326066619795
0.05,0.11578947368421053,0.6178925865991823,0.4627753970400072,0.5349453253381506
0.05,0.12894736842105264,0.6306121652053025,0.4627753970400072,0.5525001723302214
0.05,0.14210526315789473,0.6427597638466597,0.4627753970400072,0.5688420878362604
0.05,0.15526315789473683,0.6543941005331102,0.4627753970400072,0.584156478187648
0.05,0.16842105263157894,0.6655648616727304,0.4627753970400072,0.5985874208272585
0.05,0.18157894736842106,0.6763145037231633,0.4627753970400072,0.6122493335144873
0.05,0.19473684210526315,0.6866796215414814,0.4627753970400072,0.6252347528844866
0.05,0.20789473684210524,0.6966920036934,0.4627753970400072,0.6376196920270777
0.05,0.22105263157894733,0.7063794575620614,0.4627753970400072,0.6494674345038219
0.05,0.23421052631578948,0.7157664624665872,0.4627753970400072,0.660831286040027
0.05,0.24736842105263157,0.7248746924304897,0.4627753970400072,0.6717566121040491
0.05,0.26052631578947366,0.7337234388708017,0.4627753970400072,0.682282374431512
0.05,0.27368421052631575,0.7423299555379289,0.4627753970400072,0.6924423085312655
0.05,0.2868421052631579,0.7507097423995482,0.4627753970400072,0.7022658391134405
0.05,0.3,0.7588767811012505,0.4627753970400072,0.7117788009975323
0.06315789473684211,0.05,0.566574248416172,0.4963723189385226,0.41581454252441713
0.06315789473684211,0.06315789473684211,0.5820257923332213,0.4963723189385226,0.4460021644222425
0.06315789473684211,0.07631578947368421,0.5965753430821727,0.4963723189385226,0.47205542515359666
0.06315789473684211,0.08947368421052632,0.6103410082579597,0.4963723189385226,0.4951277515714238
0.06315789473684211,0.10263157894736842,0.6234180772225366,0.4963723189385226,0.5159326066619795
0.06315789473684211,0.11578947368421053,0.6358846616175757,0.4963723189385226,0.5349453253381506
0.06315789473684211,0.12894736842105264,0.6478056749600877,0.4963723189385226,0.5525001723302214
0.06315789473684211,0.14210526315789473,0.6592357096954062,0.4963723189385226,0.5688420878362604
0.06315789473684211,0.15526315789473683,0.6702211616522489,0.4963723189385226,0.584156478187648
0.06315789473684211,0.16842105263157894,0.6808018281361895,0.4963723189385226,0.5985874208272585
0.06315789473684211,0.18157894736842106,0.6910121299425347,0.4963723189385226,0.6122493335144873
0.06315789473684211,0.19473684210526315,0.7008820595295024,0.4963723189385226,0.6252347528844866
0.06315789473684211,0.20789473684210524,0.7104379264015223,0.4963723189385226,0.6376196920270777
0.06315789473684211,0.22105263157894733,0.7197029500230954,0.4963723189385226,0.6494674345038219
0.06315789473684211,0.23421052631578948,0.728697736516138,0.4963723189385226,0.660831286040027
0.06315789473684211,0.24736842105263157,0.7374406656655911,0.4963723189385226,0.6717566121040491
0.06315789473684211,0.26052631578947366,0.745948207914959,0.4963723189385226,0.682282374431512
0.06315789473684211,0.27368421052631575,0.754235186144322,0.4963723189385226,0.6924423085312655
0.06315789473684211,0.2868421052631579,0.7623149934803188,0.4963723189385226,0.7022658391134405
0.06315789473684211,0.3,0.7701997757862802,0.4963723189385226,0.7117788009975323
0.07631578947368421,0.05,0.5883642711647485,0.5253679572486745,0.41581454252441713
0.07631578947368421,0.06315789473684211,0.6025648933598867,0.5253679572486745,0.4460021644222425
0.07631578947368421,0.07631578947368421,0.6160248867987685,0.5253679572486745,0.47205542515359666
0.07631578947368421,0.08947368421052632,0.6288316012316598,0.5253679572486745,0.4951277515714238
0.07631578947368421,0.10263157894736842,0.6410570788947232,0.5253679572486745,0.5159326066619795
0.07631578947368421,0.11578947368421053,0.6527615079259304,0.5253679572486745,0.5349453253381506
0.07631578947368421,0.12894736842105264,0.663995742657331,0.5253679572486745,0.5525001723302214
0.07631578947368421,0.14210526315789473,0.6748031800302683,0.5253679572486745,0.5688420878362604
0.07631578947368421,0.15526315789473683,0.6852211813978017,0.5253679572486745,0.584156478187648
0.07631578947368421,0.16842105263157894,0.6952821667759965,0.5253679572486745,0.5985874208272585
0.07631578947368421,0.18157894736842106,0.7050144688042068,0.5253679572486745,0.6122493335144873
0.07631578947368421,0.19473684210526315,0.7144430075644126,0.5253679572486745,0.6252347528844866
0.07631578947368421,0.20789473684210524,0.723589829896189,0.5253679572486745,0.6376196920270777
0.07631578947368421,0.22105263157894733,0.7324745448596285,0.5253679572486745,0.6494674345038219
0.07631578947368421,0.23421052631578948,0.741114678648512,0.5253679572486745,0.660831286040027
0.07631578947368421,0.24736842105263157,0.7495259663420228,0.5253679572486745,0.6717566121040491
0.07631578947368421,0.26052631578947366,0.7577225936315443,0.5253679572486745,0.682282374431512
0.07631578947368421,0.27368421052631575,0.7657173985602046,0.5253679572486745,0.6924423085312655
0.07631578947368421,0.2868421052631579,0.7735220410256223,0.5253679572486745,0.7022658391134405
0.07631578947368421,0.3,0.7811471460884009,0.5253679572486745,0.7117788009975323
0.08947368421052632,0.05,0.6084186582801927,0.5510460034127757,0.41581454252441713
0.08947368421052632,0.06315789473684211,0.6215889644428502,0.5510460034127757,0.4460021644222425
0.08947368421052632,0.07631578947368421,0.6341385141374312,0.5510460034127757,0.47205542515359666
0.08947368421052632,0.08947368421052632,0.6461339089863677,0.5510460034127757,0.4951277515714238
0.08947368421052632,0.10263157894736842,0.6576310711443403,0.5510460034127757,0.5159326066619795
0.08947368421052632,0.11578947368421053,0.6686774591700984,0.5510460034127757,0.5349453253381506
0.08947368421052632,0.12894736842105264,0.679313730711443,0.5510460034127757,0.5525001723302214
0.08947368421052632,0.14210526315789473,0.6895750110844688,0.5510460034127757,0.5688420878362604
0.08947368421052632,0.15526315789473683,0.6994918756249762,0.5510460034127757,0.584156478187648
0.08947368421052632,0.16842105263157894,0.7090911205631447,0.5510460034127757,0.5985874208272585
0.08947368421052632,0.18157894736842106,0.7183963752264774,0.5510460034127757,0.6122493335144873
0.08947368421052632,0.19473684210526315,0.727428593525222,0.5510460034127757,0.6252347528844866
0.08947368421052632,0.20789473684210524,0.7362064524310967,0.5510460034127757,0.6376196920270777
0.08947368421052632,0.22105263157894733,0.7447466779714247,0.5510460034127757,0.6494674345038219
0.08947368421052632,0.23421052631578948,0.7530643141357138,0.5510460034127757,0.660831286040027
0.08947368421052632,0.24736842105263157,0.7611729463849153,0.5510460034127757,0.6717566121040491
0.08947368421052632,0.26052631578947366,0.7690848887369575,0.5510460034127757,0.682282374431512
0.08947368421052632,0.27368421052631575,0.7768113413868006,0.5510460034127757,0.6924423085312655
0.08947368421052632,0.2868421052631579,0.7843625243072732,0.5510460034127757,0.7022658391134405
0.08947368421052632,0.3,0.7917477911307246,0.5510460034127757,0.7117788009975323
0.10263157894736842,0.05,0.6270391948310787,0.5742004967992747,0.41581454252441713
0.10263157894736842,0.06315789473684211,0.6393437757081875,0.5742004967992747,0.4460021644222425
0.10263157894736842,0.07631578947368421,0.6511193318421679,0.5742004967992747,0.47205542515359666
0.10263157894736842,0.08947368421052632,0.6624179234758544,0.5742004967992747,0.4951277515714238
0.10263157894736842,0.10263157894736842,0.6732839168437166,0.5742004967992747,0.5159326066619795
0.10263157894736842,0.11578947368421053,0.6837554619839934,0.5742004967992747,0.5349453253381506
0.10263157894736842,0.12894736842105264,0.6938656276908182,0.5742004967992747,0.5525001723302214
0.10263157894736842,0.14210526315789473,0.7036432855600653,0.5742004967992747,0.5688420878362604
0.10263157894736842,0.15526315789473683,0.7131138073910495,0.5742004967992747,0.584156478187648
0.10263157894736842,0.16842105263157894,0.7222996216881095,0.5742004967992747,0.5985874208272585
0.10263157894736842,0.18157894736842106,0.7312206623689135,0.5742004967992747,0.6122493335144873
0.10263157894736842,0.19473684210526315,0.7398947340030979,0.5742004967992747,0.6252347528844866
0.10263157894736842,0.20789473684210524,0.7483378116980065,0.5742004967992747,0.6376196920270777
0.10263157894736842,0.22105263157894733,0.7565642892951613,0.5742004967992747,0.6494674345038219
0.10263157894736842,0.23421052631578948,0.7645871863015746,0.5742004967992747,0.660831286040027
0.10263157894736842,0.24736842105263157,0.7724183215931184,0.5742004967992747,0.6717566121040491
0.10263157894736842,0.26052631578947366,0.780068460147717,0.5742004967992747,0.682282374431512
0.10263157894736842,0.27368421052631575,0.7875474377250089,0.5742004967992747,0.6924423085312655
0.10263157894736842,0.2868421052631579,0.7948642673881273,0.5742004967992747,0.7022658391134405
0.10263157894736842,0.3,0.8020272309786063,0.5742004967992747,0.7117788009975323
0.11578947368421053,0.05,0.6444519889791663,0.595360455228719,0.41581454252441713
0.11578947368421053,0.06315789473684211,0.6560172443659668,0.595360455228719,0.4460021644222425
0.11578947368421053,0.07631578947368421,0.6671253961183665,0.595360455228719,0.47205542515359666
0.11578947368421053,0.08947368421052632,0.6778179879398701,0.595360455228719,0.4951277515714238
0.11578947368421053,0.10263157894736842,0.6881308695931935,0.595360455228719,0.5159326066619795
0.11578947368421053,0.11578947368421053,0.6980952149373976,0.595360455228719,0.5349453253381506
0.11578947368421053,0.12894736842105264,0.707738319360106,0.595360455228719,0.5525001723302214
0.11578947368421053,0.14210526315789473,0.7170842320366293,0.595360455228719,0.5688420878362604
0.11578947368421053,0.15526315789473683,0.7261542627640208,0.595360455228719,0.584156478187648
0.11578947368421053,0.16842105263157894,0.7349673923283716,0.595360455228719,0.5985874208272585
0.11578947368421053,0.18157894736842106,0.7435406078094523,0.595360455228719,0.6122493335144873
0.11578947368421053,0.19473684210526315,0.7518891788528137,0.595360455228719,0.6252347528844866
0.11578947368421053,0.20789473684210524,0.760026887060308,0.595360455228719,0.6376196920270777
0.11578947368421053,0.22105263157894733,0.7679662178122041,0.595360455228719,0.6494674345038219
0.11578947368421053,0.23421052631578948,0.7757185217323801,0.595360455228719,0.660831286040027
0.11578947368421053,0.24736842105263157,0.7832941514337647,0.595360455228719,0.6717566121040491
0.11578947368421053,0.26052631578947366,0.7907025779894366,0.595360455228719,0.682282374431512
0.11578947368421053,0.27368421052631575,0.7979524906637635,0.595360455228719,0.6924423085312655
0.11578947368421053,0.2868421052631579,0.8050518827351505,0.595360455228719,0.7022658391134405
0.11578947368421053,0.3,0.8120081256951523,0.595360455228719,0.7117788009975323
0.12894736842105264,0.05,0.660831286040027,0.6148978942932871,0.41581454252441713
0.12894736842105264,0.06315789473684211,0.6717566121040491,0.6148978942932871,0.4460021644222425
0.12894736842105264,0.07631578947368421,0.6822823744315121,0.6148978942932871,0.47205542515359666
0.12894736842105264,0.08947368421052632,0.6924423085312658,0.6148978942932871,0.4951277515714238
0.12894736842105264,0.10263157894736842,0.7022658391134405,0.6148978942932871,0.5159326066619795
0.12894736842105264,0.11578947368421053,0.7117788009975324,0.6148978942932871,0.5349453253381506
0.12894736842105264,0.12894736842105264,0.721004013469988,0.6148978942932871,0.5525001723302214
0.12894736842105264,0.14210526315789473,0.7299617427300968,0.6148978942932871,0.5688420878362604
0.12894736842105264,0.15526315789473683,0.738670077820967,0.6148978942932871,0.584156478187648
0.12894736842105264,0.16842105263157894,0.7471452389261544,0.6148978942932871,0.5985874208272585
0.12894736842105264,0.18157894736842106,0.75540183224715,0.6148978942932871,0.6122493335144873
0.12894736842105264,0.19473684210526315,0.7634530622894863,0.6148978942932871,0.6252347528844866
0.12894736842105264,0.20789473684210524,0.7713109098937233,0.6148978942932871,0.6376196920270777
0.12894736842105264,0.22105263157894733,0.7789862824931495,0.6148978942932871,0.6494674345038219
0.12894736842105264,0.23421052631578948,0.7864891416845137,0.6148978942932871,0.660831286040027
0.12894736842105264,0.24736842105263157,0.7938286121371633,0.6148978942932871,0.6717566121040491
0.12894736842105264,0.26052631578947366,0.8010130750517003,0.6148978942932871,0.682282374431512
0.12894736842105264,0.27368421052631575,0.8080502487487607,0.6148978942932871,0.6924423085312655
0.12894736842105264,0.2868421052631579,0.814947258476268,0.6148978942932871,0.7022658391134405
0.12894736842105264,0.3,0.8217106971361774,0.6148978942932871,0.7117788009975323
0.14210526315789473,0.05,0.6763145037231632,0.633085417006631,0.41581454252441713
0.14210526315789473,0.06315789473684211,0.6866796215414814,0.633085417006631,0.4460021644222425
0.14210526315789473,0.07631578947368421,0.6966920036934,0.633085417006631,0.47205542515359666
0.14210526315789473,0.08947368421052632,0.7063794575620616,0.633085417006631,0.4951277515714238
0.14210526315789473,0.10263157894736842,0.7157664624665872,0.633085417006631,0.5159326066619795
0.14210526315789473,0.11578947368421053,0.7248746924304897,0.633085417006631,0.5349453253381506
0.14210526315789473,0.12894736842105264,0.7337234388708018,0.633085417006631,0.5525001723302214
0.14210526315789473,0.14210526315789473,0.7423299555379289,0.633085417006631,0.5688420878362604
0.14210526315789473,0.15526315789473683,0.7507097423995482,0.633085417006631,0.584156478187648
0.14210526315789473,0.16842105263157894,0.7588767811012505,0.633085417006631,0.5985874208272585
0.14210526315789473,0.18157894736842106,0.7668437316715441,0.633085417006631,0.6122493335144873
0.14210526315789473,0.19473684210526315,0.7746220979466039,0.633085417006631,0.6252347528844866
0.14210526315789473,0.20789473684210524,0.7822223675505773,0.633085417006631,0.6376196920270777
0.14210526315789473,0.22105263157894733,0.789654131027918,0.633085417006631,0.6494674345038219
0.14210526315789473,0.23421052631578948,0.7969261837780909,0.633085417006631,0.660831286040027
0.14210526315789473,0.24736842105263157,0.8040466137140236,0.633085417006631,0.6717566121040491
0.14210526315789473,0.26052631578947366,0.8110228769991964,0.633085417006631,0.682282374431512
0.14210526315789473,0.27368421052631575,0.8178618637744717,0.633085417006631,0.6924423085312655
0.14210526315789473,0.2868421052631579,0.8245699554354714,0.633085417006631,0.7022658391134405
0.14210526315789473,0.3,0.8311530747428508,0.633085417006631,0.7117788009975323
0.15526315789473683,0.05,0.6910121299425347,0.6501293689383335,0.41581454252441713
0.15526315789473683,0.06315789473684211,0.7008820595295024,0.6501293689383335,0.4460021644222425
0.15526315789473683,0.07631578947368421,0.7104379264015223,0.6501293689383335,0.47205542515359666
0.15526315789473683,0.08947368421052632,0.7197029500230955,0.6501293689383335,0.4951277515714238
0.15526315789473683,0.10263157894736842,0.728697736516138,0.6501293689383335,0.5159326066619795
0.15526315789473683,0.11578947368421053,0.7374406656655911,0.6501293689383335,0.5349453253381506
0.15526315789473683,0.12894736842105264,0.7459482079149591,0.6501293689383335,0.5525001723302214
0.15526315789473683,0.14210526315789473,0.754235186144322,0.6501293689383335,0.5688420878362604
0.15526315789473683,0.15526315789473683,0.7623149934803188,0.6501293689383335,0.584156478187648
0.15526315789473683,0.16842105263157894,0.7701997757862802,0.6501293689383335,0.5985874208272585
0.15526315789473683,0.18157894736842106,0.7779005855476904,0.6501293689383335,0.6122493335144873
0.15526315789473683,0.19473684210526315,0.7854275124157343,0.6501293689383335,0.6252347528844866
0.15526315789473683,0.20789473684210524,0.7927897945690247,0.6501293689383335,0.6376196920270777
0.15526315789473683,0.22105263157894733,0.7999959142084435,0.6501293689383335,0.6494674345038219
0.15526315789473683,0.23421052631578948,0.8070536798464066,0.6501293689383335,0.660831286040027
0.15526315789473683,0.24736842105263157,0.8139702975421241,0.6501293689383335,0.6717566121040491
0.15526315789473683,0.26052631578947366,0.8207524328337964,0.6501293689383335,0.682282374431512
0.15526315789473683,0.27368421052631575,0.8274062648014704,0.6501293689383335,0.6924423085312655
0.15526315789473683,0.2868421052631579,0.8339375334413757,0.6501293689383335,0.7022658391134405
0.15526315789473683,0.3,0.840351581329621,0.6501293689383335,0.7117788009975323
0.16842105263157894,0.05,0.7050144688042068,0.6661900992080428,0.41581454252441713
0.16842105263157894,0.06315789473684211,0.7144430075644126,0.6661900992080428,0.4460021644222425
0.16842105263157894,0.07631578947368421,0.723589829896189,0.6661900992080428,0.47205542515359666
0.16842105263157894,0.08947368421052632,0.7324745448596285,0.6661900992080428,0.4951277515714238
0.16842105263157894,0.10263157894736842,0.741114678648512,0.6661900992080428,0.5159326066619795
0.16842105263157894,0.11578947368421053,0.7495259663420228,0.6661900992080428,0.5349453253381506
0.16842105263157894,0.12894736842105264,0.7577225936315443,0.6661900992080428,0.5525001723302214
0.16842105263157894,0.14210526315789473,0.7657173985602046,0.6661900992080428,0.5688420878362604
0.16842105263157894,0.15526315789473683,0.7735220410256223,0.6661900992080428,0.584156478187648
0.16842105263157894,0.16842105263157894,0.7811471460884009,0.6661900992080428,0.5985874208272585
0.16842105263157894,0.18157894736842106,0.7886024258398383,0.6661900992080428,0.6122493335144873
0.16842105263157894,0.19473684210526315,0.7958967835995477,0.6661900992080428,0.6252347528844866
0.16842105263157894,0.20789473684210524,0.8030384034574714,0.6661900992080428,0.6376196920270777
0.16842105263157894,0.22105263157894733,0.8100348275877937,0.6661900992080428,0.6494674345038219
0.16842105263157894,0.23421052631578948,0.8168930233029426,0.6661900992080428,0.660831286040027
0.16842105263157894,0.24736842105263157,0.8236194414536939,0.6661900992080428,0.6717566121040491
0.16842105263157894,0.26052631578947366,0.830220067493771,0.6661900992080428,0.682282374431512
0.16842105263157894,0.27368421052631575,0.8367004662973706,0.6661900992080428,0.6924423085312655
0.16842105263157894,0.2868421052631579,0.8430658216330177,0.6661900992080428,0.7022658391134405
0.16842105263157894,0.3,0.8493209710473776,0.6661900992080428,0.7117788009975323
0.18157894736842106,0.05,0.7183963752264774,0.6813949475757186,0.41581454252441713
0.18157894736842106,0.06315789473684211,0.7274285935252222,0.6813949475757186,0.4460021644222425
0.18157894736842106,0.07631578947368421,0.7362064524310967,0.6813949475757186,0.47205542515359666
0.18157894736842106,0.08947368421052632,0.7447466779714248,0.6813949475757186,0.4951277515714238
0.18157894736842106,0.10263157894736842,0.7530643141357138,0.6813949475757186,0.5159326066619795
0.18157894736842106,0.11578947368421053,0.7611729463849153,0.6813949475757186,0.5349453253381506
0.18157894736842106,0.12894736842105264,0.7690848887369575,0.6813949475757186,0.5525001723302214
0.18157894736842106,0.14210526315789473,0.7768113413868006,0.6813949475757186,0.5688420878362604
0.18157894736842106,0.15526315789473683,0.7843625243072732,0.6813949475757186,0.584156478187648
0.18157894736842106,0.16842105263157894,0.7917477911307246,0.6813949475757186,0.5985874208272585
0.18157894736842106,0.18157894736842106,0.7989757267341298,0.6813949475757186,0.6122493335144873
0.18157894736842106,0.19473684210526315,0.8060542312725656,0.6813949475757186,0.6252347528844866
0.18157894736842106,0.20789473684210524,0.812990592878077,0.6813949475757186,0.6376196920270777
0.18157894736842106,0.22105263157894733,0.8197915508264771,0.6813949475757186,0.6494674345038219
0.18157894736842106,0.23421052631578948,0.8264633506468004,0.6813949475757186,0.660831286040027
0.18157894736842106,0.24736842105263157,0.8330117923870042,0.6813949475757186,0.6717566121040491
0.18157894736842106,0.26052631578947366,0.83944227304018,0.6813949475757186,0.682282374431512
0.18157894736842106,0.27368421052631575,0.8457598239666423,0.6813949475757186,0.6924423085312655
0.18157894736842106,0.2868421052631579,0.8519691440102274,0.6813949475757186,0.7022658391134405
0.18157894736842106,0.3,0.8580746288953199,0.6813949475757186,0.7117788009975323
0.19473684210526315,0.05,0.7312206623689135,0.6958469014881521,0.41581454252441713
0.19473684210526315,0.06315789473684211,0.7398947340030979,0.6958469014881521,0.4460021644222425
0.19473684210526315,0.07631578947368421,0.7483378116980065,0.6958469014881521,0.47205542515359666
0.19473684210526315,0.08947368421052632,0.7565642892951614,0.6958469014881521,0.4951277515714238
0.19473684210526315,0.10263157894736842,0.7645871863015746,0.6958469014881521,0.5159326066619795
0.19473684210526315,0.11578947368421053,0.7724183215931184,0.6958469014881521,0.5349453253381506
0.19473684210526315,0.12894736842105264,0.7800684601477171,0.6958469014881521,0.5525001723302214
0.19473684210526315,0.14210526315789473,0.7875474377250089,0.6958469014881521,0.5688420878362604
0.19473684210526315,0.15526315789473683,0.7948642673881273,0.6958469014881521,0.584156478187648
0.19473684210526315,0.16842105263157894,0.8020272309786063,0.6958469014881521,0.5985874208272585
0.19473684210526315,0.18157894736842106,0.8090439580471239,0.6958469014881521,0.6122493335144873
0.19473684210526315,0.19473684210526315,0.8159214942673292,0.6958469014881521,0.6252347528844866
0.19473684210526315,0.20789473684210524,0.8226663609854827,0.6958469014881521,0.6376196920270777
0.19473684210526315,0.22105263157894733,0.8292846072615218,0.6958469014881521,0.6494674345038219
0.19473684210526315,0.23421052631578948,0.8357818555198202,0.6958469014881521,0.660831286040027
0.19473684210526315,0.24736842105263157,0.8421633417371232,0.6958469014881521,0.6717566121040491
0.19473684210526315,0.26052631578947366,0.8484339509408224,0.6958469014881521,0.682282374431512
0.19473684210526315,0.27368421052631575,0.8545982486652235,0.6958469014881521,0.6924423085312655
0.19473684210526315,0.2868421052631579,0.8606605089108004,0.6958469014881521,0.7022658391134405
0.19473684210526315,0.3,0.8666247390670534,0.6958469014881521,0.7117788009975323
0.20789473684210524,0.05,0.7435406078094523,0.7096305587268654,0.41581454252441713
0.20789473684210524,0.06315789473684211,0.7518891788528137,0.7096305587268654,0.4460021644222425
0.20789473684210524,0.07631578947368421,0.760026887060308,0.7096305587268654,0.47205542515359666
0.20789473684210524,0.08947368421052632,0.7679662178122041,0.7096305587268654,0.4951277515714238
0.20789473684210524,0.10263157894736842,0.7757185217323801,0.7096305587268654,0.5159326066619795
0.20789473684210524,0.11578947368421053,0.7832941514337647,0.7096305587268654,0.5349453253381506
0.20789473684210524,0.12894736842105264,0.7907025779894366,0.7096305587268654,0.5525001723302214
0.20789473684210524,0.14210526315789473,0.7979524906637636,0.7096305587268654,0.5688420878362604
0.20789473684210524,0.15526315789473683,0.8050518827351503,0.7096305587268654,0.584156478187648
0.20789473684210524,0.16842105263157894,0.8120081256951523,0.7096305587268654,0.5985874208272585
0.20789473684210524,0.18157894736842106,0.8188280336798678,0.7096305587268654,0.6122493335144873
0.20789473684210524,0.19473684210526315,0.8255179196506681,0.7096305587268654,0.6252347528844866
0.20789473684210524,0.20789473684210524,0.8320836445716961,0.7096305587268654,0.6376196920270777
0.20789473684210524,0.22105263157894733,0.8385306606155837,0.7096305587268654,0.6494674345038219
0.20789473684210524,0.23421052631578948,0.8448640492547649,0.7096305587268654,0.660831286040027
0.20789473684210524,0.24736842105263157,0.8510885549546102,0.7096305587268654,0.6717566121040491
0.20789473684210524,0.26052631578947366,0.8572086150695349,0.7096305587268654,0.682282374431512
0.20789473684210524,0.27368421052631575,0.8632283864489049,0.7096305587268654,0.6924423085312655
0.20789473684210524,0.2868421052631579,0.869151769181863,0.7096305587268654,0.7022658391134405
0.20789473684210524,0.3,0.8749824278458771,0.7096305587268654,0.7117788009975323
0.22105263157894733,0.05,0.7554018322471499,0.7228163499101574,0.41581454252441713
0.22105263157894733,0.06315789473684211,0.7634530622894863,0.7228163499101574,0.4460021644222425
0.22105263157894733,0.07631578947368421,0.7713109098937233,0.7228163499101574,0.47205542515359666
0.22105263157894733,0.08947368421052632,0.7789862824931495,0.7228163499101574,0.4951277515714238
0.22105263157894733,0.10263157894736842,0.7864891416845134,0.7228163499101574,0.5159326066619795
0.22105263157894733,0.11578947368421053,0.7938286121371632,0.7228163499101574,0.5349453253381506
0.22105263157894733,0.12894736842105264,0.8010130750517003,0.7228163499101574,0.5525001723302214
0.22105263157894733,0.14210526315789473,0.8080502487487607,0.7228163499101574,0.5688420878362604
0.22105263157894733,0.15526315789473683,0.8149472584762679,0.7228163499101574,0.584156478187648
0.22105263157894733,0.16842105263157894,0.8217106971361773,0.7228163499101574,0.5985874208272585
0.22105263157894733,0.18157894736842106,0.8283466783247507,0.7228163499101574,0.6122493335144873
0.22105263157894733,0.19473684210526315,0.8348608828354195,0.7228163499101574,0.6252347528844866
0.22105263157894733,0.20789473684210524,0.8412585995765293,0.7228163499101574,0.6376196920270777
0.22105263157894733,0.22105263157894733,0.8475447616972593,0.7228163499101574,0.6494674345038219
0.22105263157894733,0.23421052631578948,0.8537239785857748,0.7228163499101574,0.660831286040027
0.22105263157894733,0.24736842105263157,0.8598005642980582,0.7228163499101574,0.6717566121040491
0.22105263157894733,0.26052631578947366,0.8657785628891214,0.7228163499101574,0.682282374431512
0.22105263157894733,0.27368421052631575,0.8716617710466682,0.7228163499101574,0.6924423085312655
0.22105263157894733,0.2868421052631579,0.8774537583678998,0.7228163499101574,0.7022658391134405
0.22105263157894733,0.3,0.8831578855706592,0.7228163499101574,0.7117788009975323
0.23421052631578948,0.05,0.7668437316715441,0.7354636009529999,0.41581454252441713
0.23421052631578948,0.06315789473684211,0.774622097946604,0.7354636009529999,0.4460021644222425
0.23421052631578948,0.07631578947368421,0.7822223675505773,0.7354636009529999,0.47205542515359666
0.23421052631578948,0.08947368421052632,0.789654131027918,0.7354636009529999,0.4951277515714238
0.23421052631578948,0.10263157894736842,0.7969261837780909,0.7354636009529999,0.5159326066619795
0.23421052631578948,0.11578947368421053,0.8040466137140236,0.7354636009529999,0.5349453253381506
0.23421052631578948,0.12894736842105264,0.8110228769991965,0.7354636009529999,0.5525001723302214
0.23421052631578948,0.14210526315789473,0.8178618637744717,0.7354636009529999,0.5688420878362604
0.23421052631578948,0.15526315789473683,0.8245699554354714,0.7354636009529999,0.584156478187648
0.23421052631578948,0.16842105263157894,0.8311530747428508,0.7354636009529999,0.5985874208272585
0.23421052631578948,0.18157894736842106,0.8376167298249694,0.7354636009529999,0.6122493335144873
0.23421052631578948,0.19473684210526315,0.8439660529529988,0.7354636009529999,0.6252347528844866
0.23421052631578948,0.20789473684210524,0.8502058348231275,0.7354636009529999,0.6376196920270777
0.23421052631578948,0.22105263157894733,0.8563405549620668,0.7354636009529999,0.6494674345038219
0.23421052631578948,0.23421052631578948,0.8623744087750596,0.7354636009529999,0.660831286040027
0.23421052631578948,0.24736842105263157,0.8683113316757252,0.7354636009529999,0.6717566121040491
0.23421052631578948,0.26052631578947366,0.8741550206710139,0.7354636009529999,0.682282374431512
0.23421052631578948,0.27368421052631575,0.8799089537196535,0.7354636009529999,0.6924423085312655
0.23421052631578948,0.2868421052631579,0.8855764071366475,0.7354636009529999,0.7022658391134405
0.23421052631578948,0.3,0.8911604712779958,0.7354636009529999,0.7117788009975323
0.24736842105263157,0.05,0.7779005855476904,0.7476228007644697,0.41581454252441713
0.24736842105263157,0.06315789473684211,0.7854275124157343,0.7476228007644697,0.4460021644222425
0.24736842105263157,0.07631578947368421,0.7927897945690247,0.7476228007644697,0.47205542515359666
0.24736842105263157,0.08947368421052632,0.7999959142084435,0.7476228007644697,0.4951277515714238
0.24736842105263157,0.10263157894736842,0.8070536798464066,0.7476228007644697,0.5159326066619795
0.24736842105263157,0.11578947368421053,0.8139702975421241,0.7476228007644697,0.5349453253381506
0.24736842105263157,0.12894736842105264,0.8207524328337964,0.7476228007644697,0.5525001723302214
0.24736842105263157,0.14210526315789473,0.8274062648014705,0.7476228007644697,0.5688420878362604
0.24736842105263157,0.15526315789473683,0.8339375334413757,0.7476228007644697,0.584156478187648
0.24736842105263157,0.16842105263157894,0.840351581329621,0.7476228007644697,0.5985874208272585
0.24736842105263157,0.18157894736842106,0.8466533903892702,0.7476228007644697,0.6122493335144873
0.24736842105263157,0.19473684210526315,0.8528476144417453,0.7476228007644697,0.6252347528844866
0.24736842105263157,0.20789473684210524,0.8589386081148384,0.7476228007644697,0.6376196920270777
0.24736842105263157,0.22105263157894733,0.8649304525904175,0.7476228007644697,0.6494674345038219
0.24736842105263157,0.23421052631578948,0.8708269786013298,0.7476228007644697,0.660831286040027
0.24736842105263157,0.24736842105263157,0.8766317870260116,0.7476228007644697,0.6717566121040491
0.24736842105263157,0.26052631578947366,0.8823482673785449,0.7476228007644697,0.682282374431512
0.24736842105263157,0.27368421052631575,0.887979614449447,0.7476228007644697,0.6924423085312655
0.24736842105263157,0.2868421052631579,0.8935288433168295,0.7476228007644697,0.7022658391134405
0.24736842105263157,0.3,0.898998802917534,0.7476228007644697,0.7117788009975323
0.26052631578947366,0.05,0.7886024258398382,0.7593373113024324,0.41581454252441713
0.26052631578947366,0.06315789473684211,0.7958967835995477,0.7593373113024324,0.4460021644222425
0.26052631578947366,0.07631578947368421,0.8030384034574714,0.7593373113024324,0.47205542515359666
0.26052631578947366,0.08947368421052632,0.8100348275877937,0.7593373113024324,0.4951277515714238
0.26052631578947366,0.10263157894736842,0.8168930233029426,0.7593373113024324,0.5159326066619795
0.26052631578947366,0.11578947368421053,0.8236194414536939,0.7593373113024324,0.5349453253381506
0.26052631578947366,0.12894736842105264,0.830220067493771,0.7593373113024324,0.5525001723302214
0.26052631578947366,0.14210526315789473,0.8367004662973706,0.7593373113024324,0.5688420878362604
0.26052631578947366,0.15526315789473683,0.8430658216330177,0.7593373113024324,0.584156478187648
0.26052631578947366,0.16842105263157894,0.8493209710473776,0.7593373113024324,0.5985874208272585
0.26052631578947366,0.18157894736842106,0.8554704367907292,0.7593373113024324,0.6122493335144873
0.26052631578947366,0.19473684210526315,0.8615184533160185,0.7593373113024324,0.6252347528844866
0.26052631578947366,0.20789473684210524,0.8674689918013222,0.7593373113024324,0.6376196920270777
0.26052631578947366,0.22105263157894733,0.8733257820776913,0.7593373113024324,0.6494674345038219
0.26052631578947366,0.23421052631578948,0.8790923322880014,0.7593373113024324,0.660831286040027
0.26052631578947366,0.24736842105263157,0.8847719465554257,0.7593373113024324,0.6717566121040491
0.26052631578947366,0.26052631578947366,0.8903677409007844,0.7593373113024324,0.682282374431512
0.26052631578947366,0.27368421052631575,0.8958826576149136,0.7593373113024324,0.6924423085312655
0.26052631578947366,0.2868421052631579,0.9013194782642459,0.7593373113024324,0.7022658391134405
0.26052631578947366,0.3,0.9066808354841196,0.7593373113024324,0.7117788009975323
0.27368421052631575,0.05,0.7989757267341298,0.7706446780635111,0.41581454252441713
0.27368421052631575,0.06315789473684211,0.8060542312725656,0.7706446780635111,0.4460021644222425
0.27368421052631575,0.07631578947368421,0.812990592878077,0.7706446780635111,0.47205542515359666
0.27368421052631575,0.08947368421052632,0.8197915508264771,0.7706446780635111,0.4951277515714238
0.27368421052631575,0.10263157894736842,0.8264633506468002,0.7706446780635111,0.5159326066619795
0.27368421052631575,0.11578947368421053,0.8330117923870042,0.7706446780635111,0.5349453253381506
0.27368421052631575,0.12894736842105264,0.83944227304018,0.7706446780635111,0.5525001723302214
0.27368421052631575,0.14210526315789473,0.8457598239666423,0.7706446780635111,0.5688420878362604
0.27368421052631575,0.15526315789473683,0.8519691440102273,0.7706446780635111,0.584156478187648
0.27368421052631575,0.16842105263157894,0.8580746288953199,0.7706446780635111,0.5985874208272585
0.27368421052631575,0.18157894736842106,0.8640803973993919,0.7706446780635111,0.6122493335144873
0.27368421052631575,0.19473684210526315,0.8699903147202372,0.7706446780635111,0.6252347528844866
0.27368421052631575,0.20789473684210524,0.8758080133944509,0.7706446780635111,0.6376196920270777
0.27368421052631575,0.22105263157894733,0.8815369120715983,0.7706446780635111,0.6494674345038219
0.27368421052631575,0.23421052631578948,0.8871802324049706,0.7706446780635111,0.660831286040027
0.27368421052631575,0.24736842105263157,0.8927410142832946,0.7706446780635111,0.6717566121040491
0.27368421052631575,0.26052631578947366,0.8982221295969853,0.7706446780635111,0.682282374431512
0.27368421052631575,0.27368421052631575,0.9036262947065101,0.7706446780635111,0.6924423085312655
0.27368421052631575,0.2868421052631579,0.9089560817583531,0.7706446780635111,0.7022658391134405
0.27368421052631575,0.3,0.914213928975267,0.7706446780635111,0.7117788009975323
0.2868421052631579,0.05,0.8090439580471239,0.7815776488968573,0.41581454252441713
0.2868421052631579,0.06315789473684211,0.8159214942673292,0.7815776488968573,0.4460021644222425
0.2868421052631579,0.07631578947368421,0.8226663609854827,0.7815776488968573,0.47205542515359666
0.2868421052631579,0.08947368421052632,0.8292846072615218,0.7815776488968573,0.4951277515714238
0.2868421052631579,0.10263157894736842,0.8357818555198202,0.7815776488968573,0.5159326066619795
0.2868421052631579,0.11578947368421053,0.8421633417371232,0.7815776488968573,0.5349453253381506
0.2868421052631579,0.12894736842105264,0.8484339509408224,0.7815776488968573,0.5525001723302214
0.2868421052631579,0.14210526315789473,0.8545982486652235,0.7815776488968573,0.5688420878362604
0.2868421052631579,0.15526315789473683,0.8606605089108004,0.7815776488968573,0.584156478187648
0.2868421052631579,0.16842105263157894,0.8666247390670534,0.7815776488968573,0.5985874208272585
0.2868421052631579,0.18157894736842106,0.872494702189873,0.7815776488968573,0.6122493335144873
0.2868421052631579,0.19473684210526315,0.8782739369664663,0.7815776488968573,0.6252347528844866
0.2868421052631579,0.20789473684210524,0.8839657756526775,0.7815776488968573,0.6376196920270777
0.2868421052631579,0.22105263157894733,0.8895733602271657,0.7815776488968573,0.6494674345038219
0.2868421052631579,0.23421052631578948,0.8950996569729719,0.7815776488968573,0.660831286040027
0.2868421052631579,0.24736842105263157,0.9005474696683853,0.7815776488968573,0.6717566121040491
0.2868421052631579,0.26052631578947366,0.905919451544772,0.7815776488968573,0.682282374431512
0.2868421052631579,0.27368421052631575,0.9112181161484291,0.7815776488968573,0.6924423085312655
0.2868421052631579,0.2868421052631579,0.9164458472259616,0.7815776488968573,0.7022658391134405
0.2868421052631579,0.3,0.9216049077376507,0.7815776488968573,0.7117788009975323
0.3,0.05,0.8188280336798678,0.7921649763294436,0.41581454252441713
0.3,0.06315789473684211,0.8255179196506683,0.7921649763294436,0.4460021644222425
0.3,0.07631578947368421,0.8320836445716961,0.7921649763294436,0.47205542515359666
0.3,0.08947368421052632,0.8385306606155837,0.7921649763294436,0.4951277515714238
0.3,0.10263157894736842,0.8448640492547649,0.7921649763294436,0.5159326066619795
0.3,0.11578947368421053,0.8510885549546103,0.7921649763294436,0.5349453253381506
0.3,0.12894736842105264,0.8572086150695349,0.7921649763294436,0.5525001723302214
0.3,0.14210526315789473,0.8632283864489049,0.7921649763294436,0.5688420878362604
0.3,0.15526315789473683,0.869151769181863,0.7921649763294436,0.584156478187648
0.3,0.16842105263157894,0.8749824278458771,0.7921649763294436,0.5985874208272585
0.3,0.18157894736842106,0.8807238105703319,0.7921649763294436,0.6122493335144873
0.3,0.19473684210526315,0.8863791661818224,0.7921649763294436,0.6252347528844866
0.3,0.20789473684210524,0.8919515596603564,0.7921649763294436,0.6376196920270777
0.3,0.22105263157894733,0.8974438861041371,0.7921649763294436,0.6494674345038219
0.3,0.23421052631578948,0.902858883373956,0.7921649763294436,0.660831286040027
0.3,0.24736842105263157,0.9081991435656233,0.7921649763294436,0.6717566121040491
0.3,0.26052631578947366,0.9134671234396283,0.7921649763294436,0.682282374431512
0.3,0.27368421052631575,0.9186651539208041,0.7921649763294436,0.6924423085312655
0.3,0.2868421052631579,0.9237954487666938,0.7921649763294436,0.7022658391134405
0.3,0.3,0.928860112491236,0.7921649763294436,0.7117788009975323
